{
  "project_info": {
    "project_number": "364946374475",
    "firebase_url": "https://messenger-26750.firebaseio.com",
    "project_id": "messenger-26750",
    "storage_bucket": "messenger-26750.appspot.com"
  },
  "client": [
    {
      "client_info": {
        "mobilesdk_app_id": "1:364946374475:android:10fd28e13611bcbf",
        "android_client_info": {
          "package_name": "com.intellijex.messenger"
        }
      },
      "oauth_client": [
        {
          "client_id": "364946374475-511h811otk8veu2s7q2q2k6lrgm2inpl.apps.googleusercontent.com",
          "client_type": 3
        }
      ],
      "api_key": [
        {
          "current_key": "AIzaSyAcFMLHUQSD07IKpXqZNI89NUeIXQ7ioFc"
        }
      ],
      "services": {
        "analytics_service": {
          "status": 1
        },
        "appinvite_service": {
          "status": 1,
          "other_platform_oauth_client": []
        },
        "ads_service": {
          "status": 2
        }
      }
    }
  ],
  "configuration_version": "1"
}